{"0": [[21, 0.003205128205128205], [23, 0.0011111111111111111], [33, 0.0015463917525773195], [35, 0.00667779632721202], [39, 0.00186219739292365], [46, 0.0011331444759206798], [47, 0.009736540664375716], [51, 0.0006495615459564793], [72, 0.004651162790697674], [73, 0.004728132387706856], [78, 0.0009652509652509653], [79, 0.0036496350364963502], [84, 0.003843197540353574], [85, 0.0009285051067780873], [86, 0.0014577259475218659], [87, 0.0011695906432748538]], "0589": [[24, 0.0009319664492078285]], "01": [[46, 0.0005665722379603399]], "02": [[46, 0.0005665722379603399]], "06800": [[48, 0.0023148148148148147]], "0pd": [[51, 0.0003247807729782397]], "0fd": [[79, 0.0036496350364963502]]}