{"jason": [[0, 0.002257336343115124], [601, 0.0009881422924901185]], "jordi": [[930, 0.0004008016032064128]], "jonas": [[975, 0.0012763241863433313]], "journal": [[984, 0.0012903225806451613], [1887, 0.0006793478260869565]], "j": [[987, 0.005482456140350877], [1955, 0.0019455252918287938]], "jeffrey": [[715, 0.0008849557522123894]], "jensen": [[665, 0.0017825311942959]], "just": [[880, 0.0008833922261484099]], "june": [[838, 0.0010672358591248667]], "java": [[716, 0.002347417840375587], [1887, 0.00033967391304347825]], "japan": [[914, 0.0019723865877712033]], "japanese": [[981, 0.0002244668911335578]], "jock": [[819, 0.0002577984016499098]], "johns": [[892, 0.0008539709649871904]], "jonathan": [[819, 0.0005155968032998196]], "jacketcolor": [[819, 0.0002577984016499098]], "juha": [[932, 0.0003191828917969997]], "joydeep": [[981, 0.0002244668911335578]], "jair": [[981, 0.0002244668911335578]], "janne": [[821, 0.0009861932938856016]], "jacek": [[981, 0.0002244668911335578]], "jan": [[987, 0.0010964912280701754], [1881, 0.0003022061045633122]], "john": [[987, 0.0010964912280701754]], "joseph": [[494, 0.0030581039755351682]], "jergen": [[911, 0.0011261261261261261]], "johann": [[911, 0.0011261261261261261]], "jaume": [[644, 0.0005963029218843172]], "joins": [[935, 0.0009569377990430622]], "junction": [[731, 0.002805049088359046], [2000, 0.017271157167530225]], "joint": [[835, 0.00020165355918531962]], "jumping": [[994, 0.0010857763300760044]], "judith": [[981, 0.0002244668911335578]], "jordan": [[787, 0.0005977286312014345]], "james": [[787, 0.0005977286312014345], [1887, 0.00033967391304347825]], "jankowski": [[981, 0.0002244668911335578]], "jirina": [[60, 0.0009433962264150943]], "jude": [[62, 0.0016339869281045752]], "jianbin": [[468, 0.0006544502617801048]], "jiang": [[932, 0.0003191828917969997]], "jianchang": [[835, 0.00020165355918531962]], "jakub": [[213, 0.0016129032258064516]], "juice": [[972, 0.0014285714285714286]], "jathavedan": [[443, 0.004219409282700422]], "jeroen": [[987, 0.0010964912280701754]], "joost": [[987, 0.0010964912280701754]], "josephine": [[436, 0.000864304235090752]], "jing": [[775, 0.0005045408678102926]], "jun": [[706, 0.0001006238679814852], [1841, 6.87096330905593e-05]], "jon": [[939, 0.0013386880856760374]], "jt6": [[939, 0.0013386880856760374]], "jerzy": [[973, 0.001968503937007874]], "jain": [[666, 0.0035026269702276708], [1887, 0.00033967391304347825]], "judged": [[666, 0.0017513134851138354]], "jj": [[864, 0.0014104372355430183], [1887, 0.00033967391304347825]], "jfonollosa": [[642, 0.0011025358324145535]], "july": [[979, 0.00404040404040404]], "judgement": [[200, 0.0009606147934678194]], "jkp94": [[103, 0.001266624445851805]], "julien": [[906, 0.0005878894767783657]], "jerome": [[506, 0.00039154267815191856]], "juho": [[799, 0.0003459010722933241]], "juan": [[972, 0.002857142857142857]], "jrj": [[799, 0.0003459010722933241]], "johutchi": [[293, 0.0025906735751295338]], "jakob": [[856, 0.0006657789613848203]], "jul": [[767, 0.0035026269702276708]], "jin": [[613, 0.00117096018735363]], "jaime": [[726, 0.00539568345323741]], "joao": [[661, 0.0034924330616996507]], "jussi": [[835, 0.00040330711837063924]], "jabbari": [[555, 0.003937007874015748]], "jafari": [[555, 0.003937007874015748]], "jose": [[979, 0.00202020202020202]], "julho": [[575, 0.0017152658662092624]], "january": [[914, 0.0019723865877712033]], "jurofm": [[170, 0.0015600624024961]], "juancolonna": [[183, 0.0009871668311944718]], "jorge": [[439, 0.003526093088857546]], "jozef": [[734, 0.0006035003017501509]], "jtorres": [[253, 0.001026694045174538]], "joan": [[439, 0.0007052186177715092]], "josep": [[190, 0.0006711409395973154]], "javier": [[884, 0.00234192037470726]], "json": [[498, 0.002242152466367713]], "jartool": [[201, 0.004914004914004914]], "jpl": [[201, 0.002457002457002457]], "johnson": [[914, 0.007889546351084813]], "johannes": [[981, 0.0002244668911335578]], "jupiter": [[216, 0.0025906735751295338]], "jet": [[217, 0.03382663847780127]], "julie": [[226, 0.000749063670411985]], "justification": [[226, 0.000749063670411985]], "jkanno": [[231, 0.0009293680297397769]], "jaakko": [[821, 0.0009861932938856016]], "javad": [[611, 0.0008298755186721991]], "jong": [[242, 0.000946969696969697]], "jeff": [[543, 0.0009560229445506692]], "jhausdor": [[244, 0.0008547008547008547]], "jianhong": [[262, 0.001996007984031936]], "jiaotong": [[262, 0.001996007984031936]], "justin": [[265, 0.005970149253731343]], "joachims": [[835, 0.00020165355918531962]], "jitter": [[672, 0.0026595744680851063]], "jackfruit15": [[279, 0.0026455026455026454]], "jacquot18": [[279, 0.0026455026455026454]], "jack": [[407, 0.001402524544179523]], "judging": [[288, 0.0028328611898017]], "janjao": [[562, 0.00041254125412541255]], "jitender": [[932, 0.0003191828917969997]], "joints": [[303, 0.0034924330616996507]], "judgment": [[303, 0.0011641443538998836]], "join": [[303, 0.0011641443538998836]], "jamova": [[734, 0.0006035003017501509]], "jinyan": [[779, 0.0016750418760469012]], "justice": [[321, 0.0006266973052015876]], "joaquin": [[330, 0.003992015968063872]], "johnsson": [[330, 0.003992015968063872]], "job": [[604, 0.0010121457489878543]], "jp": [[912, 0.005199306759098787]], "jihoon": [[810, 0.00019538882375928098]], "jianwen": [[375, 0.005]], "jdcta": [[375, 0.0025]], "janeiro": [[556, 0.002777777777777778]], "jauhari": [[393, 0.0014367816091954023]], "jeddah": [[403, 0.002380952380952381]], "jpastor": [[419, 0.0012391573729863693]], "jornadas": [[419, 0.0012391573729863693]], "jpmdesa": [[597, 0.002277904328018223]], "joaobern": [[430, 0.002079002079002079]], "junctions": [[731, 0.0003506311360448808], [2000, 0.0008635578583765112]], "janez": [[731, 0.0003506311360448808]], "jolla": [[930, 0.0004008016032064128]], "jos": [[904, 0.0024691358024691358]], "jogging": [[761, 0.0006277463904582549]], "jump": [[761, 0.0006277463904582549], [1955, 0.0019455252918287938]], "jeremiah": [[466, 0.00046707146193367583]], "jacket": [[468, 0.0006544502617801048]], "jonathon": [[706, 0.0002012477359629704]], "jeps": [[477, 0.0002718868950516585]], "johnston": [[487, 0.0013458950201884253]], "jodrell": [[493, 0.0007530120481927711]], "jamaica": [[499, 0.0004985044865403788]], "jacobs": [[512, 0.0008650519031141869]], "jinbo": [[810, 0.00019538882375928098]], "jenkins": [[955, 0.0035026269702276708]], "julia": [[981, 0.0002244668911335578]], "jjwjj": [[549, 0.00017895490336435218]], "jeremias": [[824, 0.0009033423667570009]], "jennifer": [[906, 0.0005878894767783657]], "jpg": [[912, 0.0017331022530329288]], "jayamartin": [[564, 0.0028328611898017]], "jordanian": [[583, 0.002325581395348837]], "janskys": [[591, 0.0008748906386701663]], "jahangir": [[592, 0.006134969325153374]], "jossinet": [[597, 0.00683371298405467]], "je": [[597, 0.002277904328018223]], "judges": [[857, 0.0034482758620689655]], "jessica": [[726, 0.00539568345323741]], "judgments": [[606, 0.000794912559618442]], "jamestansc": [[617, 0.0030120481927710845]], "jess": [[617, 0.0030120481927710845]], "jo": [[799, 0.0003459010722933241]], "jam": [[635, 0.0007996801279488205]], "jammer": [[636, 0.0031545741324921135]], "jammed": [[636, 0.0031545741324921135]], "jblackard": [[654, 0.0016501650165016502]], "jutland": [[665, 0.0053475935828877]], "joining": [[665, 0.0017825311942959], [1550, 0.00010750376263169211]], "j48": [[822, 0.0005112474437627812]], "jim": [[715, 0.0008849557522123894]], "judit": [[716, 0.004694835680751174]], "joe": [[722, 0.0012853470437017994]], "justifying": [[731, 0.0003506311360448808]], "jamming": [[739, 0.0006067961165048543]], "janosi": [[742, 0.0008792497069167644]], "junk": [[742, 0.00029308323563892143]], "jclore": [[759, 0.0015455950540958269]], "jpdeshazo": [[759, 0.0015455950540958269]], "jsb": [[765, 0.001984126984126984]], "jarujamrus": [[808, 0.00646551724137931]], "jl": [[810, 0.00019538882375928098]], "jmgomezh": [[830, 0.0020429009193054137]], "joking": [[830, 0.0010214504596527069]],