{"jason": [[0, 0.002257336343115124], [553, 0.0005524861878453039], [1156, 0.00039154267815191856]], "jordi": [[148, 0.0008375209380234506], [1099, 0.000794912559618442]], "jonas": [[148, 0.0004187604690117253], [1056, 0.0013956734124214933]], "journal": [[600, 0.006557377049180328], [1184, 0.0021551724137931034], [1697, 0.0006793478260869565], [2275, 0.0006618133686300463], [2993, 0.000662471016893011]], "j": [[597, 0.00683371298405467], [1197, 0.0004916420845624386], [1697, 0.009510869565217392], [2334, 0.005780346820809248], [2993, 0.009605829744948658]], "jeffrey": [[480, 0.0012422360248447205], [1167, 0.0013966480446927375]], "jensen": [[19, 0.0017079419299743809], [665, 0.0017825311942959]], "just": [[551, 0.00019073049780659929], [1156, 0.00039154267815191856]], "june": [[562, 0.00041254125412541255], [1160, 0.00267379679144385]], "java": [[587, 0.0009970089730807576], [1100, 0.0016722408026755853], [1766, 0.002793296089385475], [2275, 0.00033090668431502316], [2993, 0.0003312355084465055]], "japan": [[567, 0.001128668171557562], [1198, 0.0012626262626262627]], "japanese": [[532, 0.0228310502283105], [1112, 0.00011712344811431249]], "jock": [[388, 0.0002576655501159495], [819, 0.0002577984016499098]], "johns": [[575, 0.0008576329331046312], [1112, 0.00046849379245724994]], "jonathan": [[549, 0.00017895490336435218], [1197, 0.0014749262536873156]], "jacketcolor": [[388, 0.0002576655501159495], [1112, 0.00011712344811431249]], "juha": [[553, 0.0005524861878453039], [1156, 0.00039154267815191856]], "joydeep": [[505, 0.0019455252918287938], [1197, 0.0004916420845624386]], "jair": [[593, 0.000625], [1167, 0.0013966480446927375]], "janne": [[481, 0.0004904364884747426], [1122, 0.001669449081803005]], "jacek": [[510, 0.0009881422924901185], [1112, 0.00011712344811431249]], "jan": [[562, 0.00041254125412541255], [1112, 0.00023424689622862497], [1746, 0.0015625], [2304, 0.045454545454545456], [2994, 0.0034285714285714284]], "john": [[591, 0.0017497812773403325], [1197, 0.0004916420845624386]], "joseph": [[494, 0.0030581039755351682]], "jergen": [[593, 0.000625], [1112, 0.00011712344811431249]], "johann": [[593, 0.000625], [911, 0.0011261261261261261]], "jaume": [[253, 0.001026694045174538], [644, 0.0005963029218843172]], "joins": [[468, 0.0006544502617801048], [1165, 0.0016339869281045752]], "junction": [[512, 0.0017301038062283738], [1156, 0.0007830853563038371], [1800, 0.016051364365971106], [2400, 0.017605633802816902], [3000, 0.014992503748125937]], "joint": [[549, 0.00017895490336435218], [1112, 0.00035137034434293746]], "jumping": [[397, 0.000855431993156544], [994, 0.0010857763300760044]], "judith": [[551, 0.00019073049780659929], [1157, 0.0016155088852988692]], "jordan": [[583, 0.002325581395348837], [1147, 0.005747126436781609]], "james": [[553, 0.0005524861878453039], [1197, 0.0004916420845624386], [1697, 0.00033967391304347825], [2275, 0.00033090668431502316], [2993, 0.0003312355084465055]], "jankowski": [[470, 0.0005712653527563553], [1033, 0.000946969696969697]], "jirina": [[60, 0.0009433962264150943]], "jude": [[62, 0.0016339869281045752], [1165, 0.0016339869281045752]], "jianbin": [[468, 0.0006544502617801048], [1165, 0.0016339869281045752]], "jiang": [[562, 0.00041254125412541255], [1197, 0.0004916420845624386]], "jianchang": [[499, 0.0004985044865403788], [835, 0.00020165355918531962]], "jakub": [[213, 0.0016129032258064516], [1115, 0.001885014137606032]], "juice": [[443, 0.002109704641350211], [972, 0.0014285714285714286]], "jathavedan": [[443, 0.004219409282700422]], "jeroen": [[436, 0.000864304235090752], [1110, 0.00020044097013429546]], "joost": [[549, 0.00017895490336435218], [1110, 0.00020044097013429546]], "josephine": [[436, 0.000864304235090752]], "jing": [[551, 0.00019073049780659929], [1197, 0.0004916420845624386]], "jun": [[567, 0.002257336343115124], [1197, 0.0009832841691248771], [1757, 4.323202628507198e-05], [2317, 1.4435847095507564e-05], [2936, 7.696748123917645e-05]], "jon": [[470, 0.00028563267637817766], [1198, 0.0012626262626262627]], "jt6": [[470, 0.00028563267637817766], [1198, 0.0012626262626262627]], "jerzy": [[512, 0.0008650519031141869], [1197, 0.0004916420845624386]], "jain": [[78, 0.0019305019305019305], [1190, 0.0008771929824561404], [1697, 0.00033967391304347825], [2275, 0.00033090668431502316], [2993, 0.0003312355084465055]], "judged": [[281, 0.001554001554001554], [1191, 0.001554001554001554]], "jj": [[79, 0.0036496350364963502], [864, 0.0014104372355430183], [1697, 0.00033967391304347825], [2275, 0.00033090668431502316], [2993, 0.0003312355084465055]], "jfonollosa": [[86, 0.0014577259475218659], [642, 0.0011025358324145535]], "july": [[575, 0.0017152658662092624], [1091, 0.0013123359580052493]], "judgement": [[200, 0.0009606147934678194], [1143, 0.001092896174863388]], "jkp94": [[103, 0.001266624445851805]], "julien": [[541, 0.0025], [1167, 0.002793296089385475]], "jerome": [[506, 0.00039154267815191856], [1156, 0.00039154267815191856]], "juho": [[477, 0.0002718868950516585], [799, 0.0003459010722933241]], "juan": [[477, 0.0002718868950516585], [1099, 0.001589825119236884]], "jrj": [[115, 0.0006112469437652812], [799, 0.0003459010722933241]], "johutchi": [[293, 0.0025906735751295338]], "jakob": [[470, 0.00028563267637817766], [1076, 0.0006605019815059445]], "jul": [[584, 0.0007358351729212656], [767, 0.0035026269702276708]], "jin": [[512, 0.0008650519031141869], [1112, 0.00011712344811431249]], "jaime": [[512, 0.0008650519031141869], [1112, 0.00011712344811431249]], "joao": [[550, 0.0012360939431396785], [1122, 0.001669449081803005]], "jussi": [[531, 0.00046274872744099955], [835, 0.00040330711837063924]], "jabbari": [[555, 0.003937007874015748]], "jafari": [[555, 0.003937007874015748]], "jose": [[575, 0.0008576329331046312], [1112, 0.00011712344811431249]], "julho": [[575, 0.0017152658662092624]], "january": [[600, 0.003278688524590164], [1149, 0.0015037593984962407]], "jurofm": [[170, 0.0015600624024961]], "juancolonna": [[183, 0.0009871668311944718]], "jorge": [[439, 0.003526093088857546]], "jozef": [[317, 0.0011682242990654205], [1059, 0.0009746588693957114]], "jtorres": [[253, 0.001026694045174538]], "joan": [[439, 0.0007052186177715092]], "josep": [[190, 0.0006711409395973154]], "javier": [[190, 0.0006711409395973154], [1099, 0.0047694753577106515]], "json": [[498, 0.002242152466367713]], "jartool": [[201, 0.004914004914004914]], "jpl": [[201, 0.002457002457002457]], "johnson": [[201, 0.0012285012285012285], [1015, 0.009779951100244499]], "johannes": [[566, 0.0011135857461024498], [1156, 0.00039154267815191856]], "jupiter": [[216, 0.0025906735751295338]], "jet": [[217, 0.03382663847780127]], "julie": [[226, 0.000749063670411985], [1143, 0.000546448087431694]], "justification": [[226, 0.000749063670411985]], "jkanno": [[231, 0.0009293680297397769]], "jaakko": [[567, 0.001128668171557562], [821, 0.0009861932938856016]], "javad": [[584, 0.0007358351729212656], [611, 0.0008298755186721991]], "jong": [[242, 0.000946969696969697], [1033, 0.000946969696969697]], "jeff": [[543, 0.0009560229445506692], [1080, 0.0002981514609421586]], "jhausdor": [[244, 0.0008547008547008547]], "jianhong": [[262, 0.001996007984031936]], "jiaotong": [[262, 0.001996007984031936]], "justin": [[265, 0.005970149253731343]], "joachims": [[267, 0.0022497187851518562], [1050, 0.0044444444444444444]], "jitter": [[518, 0.004942339373970346], [672, 0.0026595744680851063]], "jackfruit15": [[279, 0.0026455026455026454]], "jacquot18": [[279, 0.0026455026455026454]], "jack": [[407, 0.001402524544179523]], "judging": [[288, 0.0028328611898017]], "janjao": [[562, 0.00041254125412541255], [1052, 0.00021958717610891525]], "jitender": [[562, 0.00041254125412541255], [1052, 0.00021958717610891525]], "joints": [[303, 0.0034924330616996507]], "judgment": [[303, 0.0011641443538998836]], "join": [[303, 0.0011641443538998836]], "jamova": [[317, 0.0011682242990654205], [1059, 0.0009746588693957114]],