{"q": [[0, 0.002257336343115124], [1, 0.002257336343115124], [2, 0.002257336343115124], [23, 0.0011111111111111111], [46, 0.0028328611898017], [47, 0.000572737686139748], [143, 0.0005741626794258373], [250, 0.0014749262536873156], [276, 0.0005070993914807302], [281, 0.000777000777000777], [359, 0.0012376237623762376], [421, 0.004207573632538569], [441, 0.006589785831960461], [505, 0.0019455252918287938], [531, 0.0013882461823229986], [539, 0.0011273957158962795], [551, 0.00038146099561319857], [706, 0.0002012477359629704], [745, 0.0005333333333333334]], "qiang": [[5, 0.002145922746781116], [7, 0.0018450184501845018], [8, 0.002145922746781116], [549, 0.00017895490336435218], [635, 0.00039984006397441024], [742, 0.00029308323563892143]], "qos": [[5, 0.002145922746781116], [8, 0.002145922746781116]], "questions": [[6, 0.0020325203252032522], [9, 0.005747126436781609], [195, 0.034482758620689655], [238, 0.0006184291898577613], [313, 0.0017241379310344827], [320, 0.003552397868561279], [499, 0.0004985044865403788], [603, 0.002008032128514056], [726, 0.0017985611510791368], [768, 0.002544529262086514]], "quantized": [[16, 0.0024630541871921183], [736, 0.0017123287671232876], [745, 0.0005333333333333334]], "question": [[19, 0.0008539709649871904], [103, 0.0006333122229259025], [231, 0.0009293680297397769], [624, 0.0007892659826361484], [644, 0.0005955926146515784], [734, 0.0006035003017501509]], "quality": [[19, 0.0008539709649871904], [35, 0.005008347245409015], [60, 0.0009433962264150943], [87, 0.0011695906432748538], [115, 0.0006112469437652812], [118, 0.0025380710659898475], [138, 0.0008223684210526315], [184, 0.001392757660167131], [201, 0.0012285012285012285], [221, 0.0027472527472527475], [309, 0.007246376811594203], [330, 0.003992015968063872], [393, 0.0014367816091954023], [420, 0.0004878048780487805], [442, 0.004807692307692308], [462, 0.00041407867494824016], [470, 0.00028563267637817766], [508, 0.0027472527472527475], [566, 0.0011135857461024498], [589, 0.0008496176720475786], [591, 0.0017497812773403325], [606, 0.0023847376788553257], [706, 0.0002012477359629704], [768, 0.002544529262086514]], "queue": [[20, 0.006963788300835654]], "queues": [[20, 0.002785515320334262]], "quantification": [[21, 0.003205128205128205], [51, 0.0006495615459564793], [395, 0.0011737089201877935], [427, 0.0026041666666666665], [462, 0.00041407867494824016]], "quarter": [[23, 0.0011111111111111111], [450, 0.001422475106685633]], "q3": [[23, 0.0011111111111111111], [466, 0.004670714619336758]], "q2": [[23, 0.0011111111111111111], [466, 0.004670714619336758]], "quieter": [[23, 0.0022222222222222222]], "queries": [[23, 0.0011111111111111111], [32, 0.0011614401858304297], [37, 0.0019646365422396855], [115, 0.0006112469437652812], [185, 0.0027624309392265192], [191, 0.0012531328320802004], [529, 0.002074688796680498]], "query": [[32, 0.0023228803716608595], [37, 0.0019646365422396855], [203, 0.0008936550491510277], [384, 0.0012106537530266344], [402, 0.002197802197802198], [417, 0.00043821209465381246], [463, 0.001876172607879925], [499, 0.0004985044865403788], [679, 0.00048216007714561236]], "quite": [[33, 0.0002577319587628866], [143, 0.00019138755980861245], [233, 0.0008703220191470844], [276, 0.0005070993914807302], [388, 0.0002576655501159495], [468, 0.0006544502617801048], [549, 0.00017895490336435218], [551, 0.0009536524890329964], [635, 0.0007996801279488205], [649, 0.001076426264800861], [739, 0.0006067961165048543]], "qingping": [[47, 0.001145475372279496], [78, 0.0019305019305019305], [115, 0.0012224938875305623], [170, 0.0015600624024961], [281, 0.001554001554001554], [470, 0.00028563267637817766], [666, 0.0017513134851138354], [706, 0.0001006238679814852], [737, 0.0015128593040847202]], "qian": [[47, 0.000572737686139748], [62, 0.006535947712418301], [512, 0.0008650519031141869]], "quantified": [[51, 0.000974342318934719], [498, 0.002242152466367713]], "questioned": [[51, 0.0003247807729782397]], "quinlan": [[55, 0.000625], [57, 0.0005977286312014345], [98, 0.00022609088853719196], [103, 0.0018999366687777073], [255, 0.00039154267815191856], [281, 0.000777000777000777], [310, 0.0019710906701708277], [360, 0.0019710906701708277], [431, 0.0049382716049382715], [484, 0.0016574585635359116], [504, 0.006830601092896175], [505, 0.005836575875486381], [506, 0.00039154267815191856], [521, 0.0013458950201884253], [553, 0.0016574585635359116], [558, 0.0004392708104546453], [593, 0.000625], [635, 0.0007996801279488205], [706, 0.00030187160394445564], [739, 0.0006067961165048543]], "qin": [[57, 0.0005977286312014345], [111, 0.000708215297450425], [367, 0.0005083884087442806], [635, 0.00039984006397441024], [745, 0.0005333333333333334]], "quantum": [[64, 0.002136752136752137], [470, 0.0005712653527563553], [500, 0.0014285714285714286], [706, 0.0002012477359629704], [715, 0.0008849557522123894]], "qsar": [[67, 0.009433962264150943], [198, 0.0067243035542747355], [629, 0.02178217821782178], [768, 0.005089058524173028]], "quantitative": [[67, 0.007547169811320755], [103, 0.0006333122229259025], [138, 0.00041118421052631577], [198, 0.0038424591738712775], [306, 0.0009442870632672333], [352, 0.0009442870632672333], [404, 0.0012315270935960591], [429, 0.006269592476489028], [481, 0.0004904364884747426], [484, 0.0005524861878453039], [491, 0.0018796992481203006], [499, 0.0004985044865403788], [538, 0.004073319755600814], [543, 0.0009560229445506692], [551, 0.00038146099561319857], [553, 0.0005524861878453039], [587, 0.0009970089730807576], [621, 0.002890173410404624], [625, 0.0006675567423230974], [629, 0.007920792079207921], [654, 0.00825082508250825], [734, 0.0006035003017501509]], "quoted": [[67, 0.0018867924528301887], [198, 0.0009606147934678194], [629, 0.0019801980198019802], [734, 0.0006035003017501509]], "quadratic": [[77, 0.0004916420845624386], [98, 0.00022609088853719196], [143, 0.00019138755980861245]], "qualitatively": [[84, 0.0007686395080707148], [288, 0.0056657223796034], [706, 0.0001006238679814852]], "qualitative": [[103, 0.0006333122229259025], [348, 0.011235955056179775], [404, 0.0012315270935960591], [436, 0.011235955056179775], [491, 0.0018796992481203006], [556, 0.005555555555555556], [564, 0.0084985835694051], [654, 0.0024752475247524753], [660, 0.011560693641618497]], "qui93": [[103, 0.0006333122229259025]], "quantity": [[160, 0.001851851851851852], [339, 0.0015873015873015873], [395, 0.0011737089201877935], [446, 0.002881844380403458]], "quantities": [[160, 0.001851851851851852], [258, 0.0005497526113249038], [339, 0.0015873015873015873], [617, 0.0030120481927710845]], "quick": [[162, 0.001736111111111111]], "quotes": [[201, 0.0012285012285012285]], "quantiles": [[203, 0.0008936550491510277]], "querying": [[230, 0.0028169014084507044]], "quinnipiac": [[231, 0.0009293680297397769]], "quadrant": [[235, 0.001364256480218281]], "quarters": [[235, 0.001364256480218281]], "quartered": [[235, 0.001364256480218281]], "quickly": [[255, 0.00039154267815191856], [506, 0.00039154267815191856]], "queensland": [[258, 0.0010995052226498076]], "qda": [[258, 0.0005497526113249038], [304, 0.004405286343612335], [420, 0.00024390243902439024], [745, 0.0005333333333333334]], "quebec": [[265, 0.0029850746268656717], [575, 0.0008576329331046312]], "questionnaire": [[305, 0.0013157894736842105], [320, 0.0053285968028419185], [605, 0.0013157894736842105]], "questionnaires": [[320, 0.0017761989342806395], [589, 0.0008496176720475786], [628, 0.0033112582781456954]], "quartile": [[321, 0.0008355964069354502]], "qualified": [[348, 0.000864304235090752], [436, 0.000864304235090752]], "quadruped": [[358, 0.007312614259597806]], "quantised": [[367, 0.0005083884087442806]], "quantitatively": [[395, 0.002347417840375587], [706, 0.0001006238679814852]], "queried": [[397, 0.000855431993156544]], "queen": [[407, 0.008415147265077139]], "qp": [[417, 0.00043821209465381246], [499, 0.0004985044865403788], [745, 0.0005333333333333334]],