{"q": [[0, 0.002257336343115124], [551, 0.00038146099561319857], [1191, 0.000777000777000777], [1697, 0.001358695652173913], [2275, 0.0013236267372600927], [2993, 0.001324942033786022]], "quantized": [[16, 0.0024630541871921183], [823, 0.004878048780487805]], "question": [[231, 0.0009293680297397769], [1127, 0.010273972602739725], [1617, 0.00030525030525030525], [2247, 0.00030441400304414006], [2866, 0.0003053435114503817]], "quality": [[591, 0.0017497812773403325], [1178, 0.0019083969465648854], [2799, 1.211856806999685e-05]], "queue": [[20, 0.006963788300835654]], "queues": [[20, 0.002785515320334262]], "quantification": [[462, 0.00041407867494824016], [1058, 0.001557632398753894]], "quarter": [[450, 0.001422475106685633], [1090, 0.0009407337723424271]], "q3": [[466, 0.004670714619336758], [774, 0.001122334455667789]], "q2": [[466, 0.004670714619336758], [774, 0.001122334455667789]], "quieter": [[23, 0.0022222222222222222]], "queries": [[529, 0.002074688796680498], [811, 0.013544018058690745]], "query": [[499, 0.0004985044865403788], [1106, 0.002531645569620253]], "quite": [[551, 0.0009536524890329964], [1112, 0.00011712344811431249]], "qingping": [[470, 0.00028563267637817766], [1191, 0.001554001554001554]], "qian": [[512, 0.0008650519031141869], [1165, 0.006535947712418301]], "quantified": [[498, 0.002242152466367713]], "questioned": [[51, 0.0003247807729782397]], "quinlan": [[593, 0.000625], [1191, 0.000777000777000777]], "qin": [[367, 0.0005083884087442806], [1183, 0.0016025641025641025]], "quantum": [[500, 0.0014285714285714286], [1167, 0.0013966480446927375]], "qsar": [[198, 0.0067243035542747355], [768, 0.005089058524173028]], "quantitative": [[587, 0.0009970089730807576], [1090, 0.0009407337723424271], [1734, 0.00033776651889381467]], "quoted": [[198, 0.0009606147934678194], [734, 0.0006035003017501509]], "quadratic": [[143, 0.00019138755980861245], [1197, 0.0004916420845624386], [1690, 0.0022988505747126436], [2286, 0.0022624434389140274], [2805, 0.002277904328018223]], "qualitatively": [[288, 0.0056657223796034], [1112, 0.00011712344811431249]], "qualitative": [[564, 0.0084985835694051], [932, 0.0003191828917969997]], "qui93": [[103, 0.0006333122229259025]], "quantity": [[446, 0.002881844380403458], [852, 0.0056022408963585435]], "quantities": [[339, 0.0015873015873015873], [1035, 0.0019342359767891683]], "quick": [[162, 0.001736111111111111]], "questions": [[499, 0.0004985044865403788], [1127, 0.003424657534246575], [1966, 0.0009487666034155598]], "quotes": [[201, 0.0012285012285012285], [915, 0.0015735641227380016]], "quantiles": [[203, 0.0008936550491510277]], "querying": [[230, 0.0028169014084507044]], "quinnipiac": [[231, 0.0009293680297397769]], "quadrant": [[235, 0.001364256480218281]], "quarters": [[235, 0.001364256480218281]], "quartered": [[235, 0.001364256480218281]], "quickly": [[506, 0.00039154267815191856], [1156, 0.00039154267815191856]], "queensland": [[258, 0.0010995052226498076]], "qda": [[420, 0.00024390243902439024], [800, 0.00038138825324180017]], "quebec": [[575, 0.0008576329331046312]], "questionnaire": [[320, 0.0053285968028419185], [605, 0.0013157894736842105]], "questionnaires": [[589, 0.0008496176720475786], [628, 0.0033112582781456954]], "quartile": [[321, 0.0008355964069354502], [1112, 0.00023424689622862497]], "qualified": [[436, 0.000864304235090752]], "quadruped": [[358, 0.007312614259597806]], "quantised": [[367, 0.0005083884087442806], [1032, 0.0005083884087442806]], "quantitatively": [[395, 0.002347417840375587], [1112, 0.00011712344811431249]], "queried": [[397, 0.000855431993156544], [835, 0.00020165355918531962]], "queen": [[407, 0.008415147265077139]], "qp": [[499, 0.0004985044865403788], [1072, 0.0008333333333333334]], "quaternions": [[466, 0.0009341429238673517]], "q1": [[466, 0.004670714619336758], [774, 0.001122334455667789]], "q4": [[466, 0.004670714619336758], [774, 0.001122334455667789]], "qiuyi": [[475, 0.0015015015015015015]], "qw9477": [[475, 0.0015015015015015015]], "qcm": [[540, 0.038461538461538464], [808, 0.01293103448275862]], "quarterly": [[558, 0.00021963540522732265], [1160, 0.0017825311942959]], "qiang": [[549, 0.00017895490336435218], [1198, 0.0025252525252525255]], "qun": [[549, 0.00017895490336435218], [981, 0.0002244668911335578]], "queretaro": [[588, 0.0014641288433382138]], "quadrants": [[606, 0.000794912559618442]], "quickprop": [[635, 0.00039984006397441024]], "quotient": [[672, 0.005319148936170213]], "q5": [[774, 0.001122334455667789]], "q6": [[774, 0.001122334455667789]], "q7": [[774, 0.001122334455667789]], "q8": [[774, 0.001122334455667789]], "quizzes": [[774, 0.001122334455667789]], "q9": [[774, 0.001122334455667789]], "q10": [[774, 0.001122334455667789]], "q11": [[774, 0.001122334455667789]], "q12": [[774, 0.001122334455667789]], "q13": [[774, 0.001122334455667789]], "q14": [[774, 0.001122334455667789]], "q15": [[774, 0.001122334455667789]], "q16": [[774, 0.001122334455667789]], "q17": [[774, 0.001122334455667789]], "q18": [[774, 0.001122334455667789]], "q19": [[774, 0.001122334455667789]], "q20": [[774, 0.001122334455667789]], "q21": [[774, 0.001122334455667789]], "q22": [[774, 0.001122334455667789]], "q23": [[774, 0.001122334455667789]], "q24": [[774, 0.001122334455667789]], "q25": [[774, 0.001122334455667789]], "q26": [[774, 0.001122334455667789]], "q27": [[774, 0.001122334455667789]], "q28": [[774, 0.001122334455667789]], "qav": [[932, 0.0006383657835939994]], "quisclas": [[799, 0.0006918021445866483]], "qcm3": [[808, 0.004310344827586207]], "qcm6": [[808, 0.004310344827586207]], "qcm7": [[808, 0.004310344827586207]], "qcm10": [[808, 0.004310344827586207]], "qcm12": [[808, 0.004310344827586207]], "quickbird": [[816, 0.006134969325153374]], "qrs": [[824, 0.0027100271002710027]], "qrst": [[824, 0.0009033423667570009]], "qrsa": [[824, 0.0018066847335140017]], "qrsta": [[824, 0.0009033423667570009]], "quiz": [[830, 0.0010214504596527069]], "qtyt40i10d100k": [[852, 0.0056022408963585435]], "quotation": [[864, 0.0014104372355430183]], "questionmarks": [[864, 0.0014104372355430183]], "quiet": [[972, 0.0007142857142857143]], "quantify": [[1015, 0.0024449877750611247]], "quantization": [[1122, 0.001669449081803005]], "quimica": [[1041, 0.00392156862745098]], "quito": [[1107, 0.0024154589371980675]], "quitekai": [[1112, 0.00011712344811431249]], "qu1": [[1137, 0.0010482180293501049]], "qu2": [[1137, 0.0010482180293501049]], "qu3": [[1137, 0.0010482180293501049]], "qu4": [[1137, 0.0010482180293501049]], "qu5": [[1137, 0.0010482180293501049]], "quantifiable": [[1139, 0.0003379520108144643], [2202, 0.000463284688441047], [2826, 0.0004716981132075472]], "quesiton": [[1139, 0.0003379520108144643]], "quang": [[1767, 0.0035087719298245615], [2315, 0.004608294930875576], [2993, 0.001324942033786022]], "qiao": [[1617, 0.00030525030525030525], [2247, 0.00030441400304414006], [2866, 0.0003053435114503817]], "qi": [[1697, 0.00033967391304347825], [2275, 0.00033090668431502316], [2993, 0.0003312355084465055]], "quantifying": [[1697, 0.0006793478260869565], [2275, 0.0006618133686300463], [2993, 0.000662471016893011]], "qars": [[1458, 4.510294747761766e-05], [2233, 2.8135726745821844e-05], [2737, 7.286399207239767e-06]], "qrich1": [[1351, 2.036950278043713e-05], [2317, 1.4435847095507564e-05], [2789, 1.8078605777922408e-05]], "qk": [[1351, 2.036950278043713e-05], [2385, 0.0001030868793310807], [2737, 2.1859197621719297e-05]], "qrsl1": [[1398, 0.00010063061854286865], [1841, 6.87096330905593e-05], [2677, 5.7240984544934173e-05]], "qpctl": [[1734, 4.222081486172683e-05], [2317, 1.4435847095507564e-05], [2789, 3.6157211555844816e-05]], "qtrt1": [[1700, 0.000859106529209622], [2117, 0.0003763643206624012], [2563, 0.0007739938080495357]], "qsox2": [[1734, 8.444162972345367e-05], [2317, 2.887169419101513e-05], [2610, 6.331317863813352e-05]], "qt": [[1734, 0.000506649778340722]], "qtc": [[1734, 8.444162972345367e-05]],