{"q": [[0, 0.002257336343115124], [987, 0.0010964912280701754], [1887, 0.001358695652173913]], "quantized": [[823, 0.004878048780487805]], "question": [[810, 0.00019538882375928098], [1881, 0.0003022061045633122]], "quality": [[984, 0.005161290322580645]], "queue": [[20, 0.006963788300835654]], "queues": [[20, 0.002785515320334262]], "quantification": [[930, 0.0004008016032064128]], "quarter": [[878, 0.006729475100942127]], "q3": [[774, 0.001122334455667789]], "q2": [[774, 0.001122334455667789]], "quieter": [[23, 0.0022222222222222222]], "queries": [[811, 0.013544018058690745]], "query": [[835, 0.00020165355918531962]], "quite": [[967, 0.001349527665317139]], "qingping": [[978, 0.0013333333333333333]], "qian": [[512, 0.0008650519031141869]], "quantified": [[498, 0.002242152466367713]], "questioned": [[51, 0.0003247807729782397]], "quinlan": [[987, 0.003289473684210526]], "qin": [[906, 0.0005878894767783657]], "quantum": [[715, 0.0008849557522123894]], "qsar": [[768, 0.005089058524173028]], "quantitative": [[932, 0.0006383657835939994], [1734, 0.00033776651889381467]], "quoted": [[734, 0.0006035003017501509]], "quadratic": [[810, 0.00019538882375928098], [1873, 0.002127659574468085]], "qualitatively": [[706, 0.0001006238679814852]], "qualitative": [[932, 0.0003191828917969997]], "qui93": [[103, 0.0006333122229259025]], "quantity": [[852, 0.0056022408963585435]], "quantities": [[617, 0.0030120481927710845]], "quick": [[162, 0.001736111111111111]], "questions": [[994, 0.0010857763300760044], [1966, 0.0009487666034155598]], "quotes": [[915, 0.0015735641227380016]], "quantiles": [[203, 0.0008936550491510277]], "querying": [[230, 0.0028169014084507044]], "quinnipiac": [[231, 0.0009293680297397769]], "quadrant": [[235, 0.001364256480218281]], "quarters": [[235, 0.001364256480218281]], "quartered": [[235, 0.001364256480218281]], "quickly": [[506, 0.00039154267815191856]], "queensland": [[258, 0.0010995052226498076]], "qda": [[800, 0.00038138825324180017]], "quebec": [[575, 0.0008576329331046312]], "questionnaire": [[605, 0.0013157894736842105]], "questionnaires": [[628, 0.0033112582781456954]], "quartile": [[321, 0.0008355964069354502]], "qualified": [[436, 0.000864304235090752]], "quadruped": [[358, 0.007312614259597806]], "quantised": [[367, 0.0005083884087442806]], "quantitatively": [[706, 0.0001006238679814852]], "queried": [[835, 0.00020165355918531962]], "queen": [[407, 0.008415147265077139]], "qp": [[835, 0.00020165355918531962]], "quaternions": [[466, 0.0009341429238673517]], "q1": [[774, 0.001122334455667789]], "q4": [[774, 0.001122334455667789]], "qiuyi": [[475, 0.0015015015015015015]], "qw9477": [[475, 0.0015015015015015015]], "qcm": [[808, 0.01293103448275862]], "quarterly": [[558, 0.00021963540522732265]], "qiang": [[981, 0.0002244668911335578]], "qun": [[981, 0.0002244668911335578]], "queretaro": [[588, 0.0014641288433382138]], "quadrants": [[606, 0.000794912559618442]], "quickprop": [[635, 0.00039984006397441024]], "quotient": [[672, 0.005319148936170213]], "q5": [[774, 0.001122334455667789]], "q6": [[774, 0.001122334455667789]], "q7": [[774, 0.001122334455667789]], "q8": [[774, 0.001122334455667789]], "quizzes": [[774, 0.001122334455667789]], "q9": [[774, 0.001122334455667789]], "q10": [[774, 0.001122334455667789]], "q11": [[774, 0.001122334455667789]], "q12": [[774, 0.001122334455667789]], "q13": [[774, 0.001122334455667789]], "q14": [[774, 0.001122334455667789]], "q15": [[774, 0.001122334455667789]], "q16": [[774, 0.001122334455667789]], "q17": [[774, 0.001122334455667789]], "q18": [[774, 0.001122334455667789]], "q19": [[774, 0.001122334455667789]], "q20": [[774, 0.001122334455667789]], "q21": [[774, 0.001122334455667789]], "q22": [[774, 0.001122334455667789]], "q23": [[774, 0.001122334455667789]], "q24": [[774, 0.001122334455667789]], "q25": [[774, 0.001122334455667789]], "q26": [[774, 0.001122334455667789]], "q27": [[774, 0.001122334455667789]], "q28": [[774, 0.001122334455667789]], "qav": [[932, 0.0006383657835939994]], "quisclas": [[799, 0.0006918021445866483]], "qcm3": [[808, 0.004310344827586207]], "qcm6": [[808, 0.004310344827586207]], "qcm7": [[808, 0.004310344827586207]], "qcm10": [[808, 0.004310344827586207]], "qcm12": [[808, 0.004310344827586207]], "quickbird": [[816, 0.006134969325153374]], "qrs": [[824, 0.0027100271002710027]], "qrst": [[824, 0.0009033423667570009]], "qrsa": [[824, 0.0018066847335140017]], "qrsta": [[824, 0.0009033423667570009]], "quiz": [[830, 0.0010214504596527069]], "qtyt40i10d100k": [[852, 0.0056022408963585435]], "quotation": [[864, 0.0014104372355430183]], "questionmarks": [[864, 0.0014104372355430183]], "quiet": [[972, 0.0007142857142857143]], "quang": [[1977, 0.0045662100456621]], "qiao": [[1881, 0.0003022061045633122]], "qi": [[1887, 0.00033967391304347825]], "quantifying": [[1887, 0.0006793478260869565]], "qars": [[1458, 4.510294747761766e-05]], "qrich1": [[1351, 2.036950278043713e-05]], "qk": [[1351, 2.036950278043713e-05]], "qrsl1": [[1841, 6.87096330905593e-05]], "qpctl": [[1734, 4.222081486172683e-05]], "qtrt1": [[1700, 0.000859106529209622]], "qsox2": [[1734, 8.444162972345367e-05]], "qt": [[1734, 0.000506649778340722]], "qtc": [[1734, 8.444162972345367e-05]], "qprt": [[1757, 4.323202628507198e-05]], "quantifiable": [[1970, 0.0004753981459472308]], "qtrtd1": [[1841, 6.87096330905593e-05]], "qki": [[1857, 0.0008361204013377926]]}