{"x": [[10, 0.0015910898965791568], [19, 0.0025619128949615714], [23, 0.0022222222222222222], [32, 0.009291521486643438], [33, 0.0018041237113402063], [37, 0.003929273084479371], [45, 0.05506883604505632], [46, 0.006798866855524079], [47, 0.001145475372279496], [54, 0.012059369202226345], [55, 0.001875], [56, 0.0021141649048625794], [57, 0.001195457262402869], [74, 0.0011655011655011655], [84, 0.0030745580322828594], [98, 0.00022609088853719196], [103, 0.0006333122229259025], [111, 0.0028328611898017], [123, 0.008915304606240713], [143, 0.0009569377990430622], [150, 0.002028397565922921], [163, 0.0004743833017077799], [170, 0.0015600624024961], [184, 0.001392757660167131], [221, 0.0018315018315018315], [224, 0.004830917874396135], [250, 0.0014749262536873156], [253, 0.003080082135523614], [265, 0.005970149253731343], [276, 0.005578093306288032], [281, 0.001554001554001554], [306, 0.00047214353163361664], [312, 0.002849002849002849], [319, 0.0026595744680851063], [327, 0.0009107468123861566], [352, 0.00047214353163361664], [357, 0.006644518272425249], [358, 0.003656307129798903], [387, 0.004739336492890996], [388, 0.0018036588508116465], [400, 0.017902813299232736], [420, 0.0004878048780487805], [439, 0.0007047216349541931], [441, 0.006589785831960461], [458, 0.0025412960609911056], [468, 0.002617801047120419], [475, 0.0015015015015015015], [477, 0.002175095160413268], [481, 0.0004904364884747426], [487, 0.0013458950201884253], [505, 0.0019455252918287938], [508, 0.0018315018315018315], [523, 0.016913319238900635], [529, 0.006224066390041493], [535, 0.005115089514066497], [548, 0.0031007751937984496], [549, 0.00035790980672870435], [556, 0.002777777777777778], [561, 0.0024968789013732834], [575, 0.0008576329331046312], [580, 0.0036719706242350062], [587, 0.0029910269192422734], [593, 0.001875], [606, 0.000794912559618442], [644, 0.00357355568790947], [646, 0.002257336343115124], [647, 0.004659832246039142], [649, 0.001076426264800861], [654, 0.0008250825082508251], [665, 0.0017825311942959], [706, 0.0017106057556852486], [714, 0.0019218449711723255], [716, 0.004694835680751174], [724, 0.0013831258644536654], [731, 0.0007012622720897616], [734, 0.0006035003017501509], [737, 0.0015128593040847202], [738, 0.005110732538330494], [742, 0.00029308323563892143], [745, 0.0005333333333333334], [755, 0.002652519893899204], [761, 0.004394224733207784], [762, 0.001669449081803005], [764, 0.0036719706242350062], [767, 0.0017513134851138354]], "xu": [[16, 0.0024630541871921183], [74, 0.0011655011655011655], [121, 0.0009363295880149813], [348, 0.000864304235090752], [417, 0.00043821209465381246], [436, 0.000864304235090752], [470, 0.00028563267637817766], [480, 0.0012422360248447205], [636, 0.0031545741324921135], [706, 0.0001006238679814852], [715, 0.0008849557522123894]], "xjennifer": [[33, 0.0002577319587628866], [388, 0.0002576655501159495]], "xing": [[47, 0.000572737686139748], [420, 0.00024390243902439024], [706, 0.0001006238679814852], [745, 0.0005333333333333334]], "xiao": [[54, 0.0009276437847866419], [121, 0.0009363295880149813], [202, 0.002008032128514056], [258, 0.0005497526113249038], [276, 0.0005070993914807302], [319, 0.0013297872340425532], [420, 0.00024390243902439024], [531, 0.0009254974548819991], [541, 0.0025], [551, 0.00019073049780659929], [625, 0.0006675567423230974], [630, 0.000856898029134533], [720, 0.001314060446780552]], "xi": [[57, 0.0005977286312014345], [111, 0.000708215297450425], [224, 0.0024154589371980675], [367, 0.0005083884087442806], [442, 0.002403846153846154], [575, 0.0008576329331046312], [635, 0.00039984006397441024], [745, 0.0005333333333333334]], "xlsx": [[85, 0.0009285051067780873]], "xtal": [[87, 0.0011695906432748538], [246, 0.001272264631043257], [317, 0.0011682242990654205], [700, 0.0011312217194570137]], "xd6": [[115, 0.0006112469437652812]], "x1": [[118, 0.005076142131979695], [213, 0.0008064516129032258], [307, 0.0017889087656529517], [387, 0.001184834123222749], [475, 0.0015015015015015015], [538, 0.004073319755600814], [664, 0.002320185614849188]], "x2": [[118, 0.0025380710659898475], [213, 0.0008064516129032258], [307, 0.0017889087656529517], [387, 0.001184834123222749], [475, 0.0015015015015015015], [538, 0.002036659877800407], [664, 0.002320185614849188]], "x3": [[118, 0.0025380710659898475], [213, 0.0008064516129032258], [387, 0.001184834123222749], [538, 0.002036659877800407], [664, 0.002320185614849188]], "x4": [[118, 0.0025380710659898475], [213, 0.0008064516129032258], [387, 0.001184834123222749], [538, 0.002036659877800407]], "x5": [[118, 0.0025380710659898475], [213, 0.0008064516129032258], [538, 0.002036659877800407]], "x6": [[118, 0.005076142131979695], [213, 0.0008064516129032258], [538, 0.002036659877800407]], "xin": [[121, 0.0009363295880149813], [470, 0.00028563267637817766], [706, 0.0001006238679814852]], "xavier": [[127, 0.0010449320794148381], [311, 0.006984866123399301], [439, 0.004933051444679351], [466, 0.00046707146193367583], [699, 0.004819277108433735]], "xor": [[143, 0.0003827751196172249], [356, 0.009708737864077669], [403, 0.004761904761904762]], "xiangxiang": [[160, 0.001851851851851852]], "xml": [[191, 0.0012531328320802004], [250, 0.0014749262536873156], [635, 0.00039984006397441024]], "x7": [[213, 0.0008064516129032258], [538, 0.002036659877800407]], "x8": [[213, 0.0008064516129032258], [538, 0.004073319755600814]], "x9": [[213, 0.0008064516129032258]], "x10": [[213, 0.0008064516129032258]], "x11": [[213, 0.0008064516129032258]], "x12": [[213, 0.0008064516129032258]], "x13": [[213, 0.0008064516129032258]], "x14": [[213, 0.0008064516129032258]], "x15": [[213, 0.0008064516129032258]], "x16": [[213, 0.0008064516129032258], [307, 0.0017889087656529517]], "x17": [[213, 0.0008064516129032258]], "x18": [[213, 0.0008064516129032258]], "x19": [[213, 0.0008064516129032258]], "x20": [[213, 0.0008064516129032258]], "x21": [[213, 0.0008064516129032258]], "x22": [[213, 0.0008064516129032258]], "x23": [[213, 0.0008064516129032258]], "x24": [[213, 0.0008064516129032258]], "x25": [[213, 0.0008064516129032258]], "x26": [[213, 0.0008064516129032258]], "x27": [[213, 0.0008064516129032258]], "x28": [[213, 0.0008064516129032258]], "x29": [[213, 0.0008064516129032258]], "x30": [[213, 0.0008064516129032258]], "x31": [[213, 0.0008064516129032258]], "x32": [[213, 0.0008064516129032258]], "x33": [[213, 0.0008064516129032258]], "x34": [[213, 0.0008064516129032258]], "x35": [[213, 0.0008064516129032258]], "x36": [[213, 0.0008064516129032258]], "x37": [[213, 0.0008064516129032258]], "x38": [[213, 0.0008064516129032258]], "x39": [[213, 0.0008064516129032258]], "x40": [[213, 0.0008064516129032258]], "x41": [[213, 0.0008064516129032258]], "x42": [[213, 0.0008064516129032258]], "x43": [[213, 0.0008064516129032258]], "x44": [[213, 0.0008064516129032258]], "x45": [[213, 0.0008064516129032258]], "x46": [[213, 0.0008064516129032258]], "x47": [[213, 0.0008064516129032258]], "x48": [[213, 0.0008064516129032258]], "x49": [[213, 0.0008064516129032258]], "x50": [[213, 0.0008064516129032258]], "x51": [[213, 0.0008064516129032258]], "x52": [[213, 0.0008064516129032258]], "x53": [[213, 0.0008064516129032258]], "x54": [[213, 0.0008064516129032258]], "x55": [[213, 0.0008064516129032258]], "x56": [[213, 0.0008064516129032258]], "x57": [[213, 0.0008064516129032258]], "x58": [[213, 0.0008064516129032258]], "x59": [[213, 0.0008064516129032258]], "x60": [[213, 0.0008064516129032258]], "x61": [[213, 0.0008064516129032258]], "x62": [[213, 0.0008064516129032258]], "x63": [[213, 0.0008064516129032258]], "x64": [[213, 0.0008064516129032258]], "xx": [[253, 0.002053388090349076], [439, 0.0014094432699083862], [575, 0.0008576329331046312], [686, 0.0009794319294809011], [706, 0.0001006238679814852]], "xia": [[307, 0.0017889087656529517]], "xiaoli": [[350, 0.0019157088122605363], [551, 0.00019073049780659929]], "xinyang": [[357, 0.0033222591362126247]], "xv": [[364, 0.0014727540500736377], [575, 0.0008576329331046312]],