{"x": [[987, 0.0010964912280701754], [1955, 0.0019455252918287938]], "xu": [[856, 0.0006657789613848203], [1977, 0.0045662100456621]], "xjennifer": [[819, 0.0002577984016499098]], "xing": [[810, 0.00019538882375928098], [1887, 0.0010190217391304348]], "xiao": [[981, 0.0002244668911335578]], "xi": [[906, 0.0005878894767783657]], "xlsx": [[85, 0.0009285051067780873]], "xtal": [[700, 0.0011312217194570137]], "xd6": [[799, 0.0003459010722933241]], "x1": [[881, 0.001607717041800643]], "x2": [[881, 0.001607717041800643]], "x3": [[795, 0.001218026796589525]], "x4": [[795, 0.001218026796589525]], "x5": [[795, 0.001218026796589525]], "x6": [[795, 0.00243605359317905]], "xin": [[856, 0.0006657789613848203]], "xavier": [[699, 0.004819277108433735], [1887, 0.00033967391304347825]], "xor": [[856, 0.0006657789613848203]], "xiangxiang": [[160, 0.001851851851851852]], "xml": [[773, 0.0013550135501355014]], "x7": [[795, 0.001218026796589525]], "x8": [[538, 0.004073319755600814]], "x9": [[213, 0.0008064516129032258]], "x10": [[213, 0.0008064516129032258]], "x11": [[795, 0.00243605359317905]], "x12": [[795, 0.001218026796589525]], "x13": [[795, 0.001218026796589525]], "x14": [[213, 0.0008064516129032258]], "x15": [[213, 0.0008064516129032258]], "x16": [[307, 0.0017889087656529517]], "x17": [[795, 0.001218026796589525]], "x18": [[795, 0.001218026796589525]], "x19": [[795, 0.001218026796589525]], "x20": [[213, 0.0008064516129032258]], "x21": [[213, 0.0008064516129032258]], "x22": [[213, 0.0008064516129032258]], "x23": [[795, 0.001218026796589525]], "x24": [[213, 0.0008064516129032258]], "x25": [[213, 0.0008064516129032258]], "x26": [[213, 0.0008064516129032258]], "x27": [[213, 0.0008064516129032258]], "x28": [[213, 0.0008064516129032258]], "x29": [[213, 0.0008064516129032258]], "x30": [[213, 0.0008064516129032258]], "x31": [[213, 0.0008064516129032258]], "x32": [[213, 0.0008064516129032258]], "x33": [[213, 0.0008064516129032258]], "x34": [[213, 0.0008064516129032258]], "x35": [[213, 0.0008064516129032258]], "x36": [[213, 0.0008064516129032258]], "x37": [[213, 0.0008064516129032258]], "x38": [[213, 0.0008064516129032258]], "x39": [[213, 0.0008064516129032258]], "x40": [[213, 0.0008064516129032258]], "x41": [[213, 0.0008064516129032258]], "x42": [[213, 0.0008064516129032258]], "x43": [[213, 0.0008064516129032258]], "x44": [[213, 0.0008064516129032258]], "x45": [[213, 0.0008064516129032258]], "x46": [[213, 0.0008064516129032258]], "x47": [[213, 0.0008064516129032258]], "x48": [[213, 0.0008064516129032258]], "x49": [[213, 0.0008064516129032258]], "x50": [[213, 0.0008064516129032258]], "x51": [[213, 0.0008064516129032258]], "x52": [[213, 0.0008064516129032258]], "x53": [[213, 0.0008064516129032258]], "x54": [[213, 0.0008064516129032258]], "x55": [[213, 0.0008064516129032258]], "x56": [[213, 0.0008064516129032258]], "x57": [[213, 0.0008064516129032258]], "x58": [[213, 0.0008064516129032258]], "x59": [[213, 0.0008064516129032258]], "x60": [[213, 0.0008064516129032258]], "x61": [[213, 0.0008064516129032258]], "x62": [[213, 0.0008064516129032258]], "x63": [[213, 0.0008064516129032258]], "x64": [[213, 0.0008064516129032258]], "xx": [[706, 0.0001006238679814852]], "xia": [[307, 0.0017889087656529517]], "xiaoli": [[551, 0.00019073049780659929]], "xinyang": [[357, 0.0033222591362126247]], "xv": [[975, 0.0025526483726866626]], "xiaofeng": [[364, 0.0014727540500736377]], "x3033": [[367, 0.0005083884087442806]], "x178": [[475, 0.0015015015015015015]], "xk": [[731, 0.0003506311360448808], [1351, 2.036950278043713e-05]], "xiaoming": [[505, 0.0019455252918287938]], "xifara": [[538, 0.006109979633401222]], "xl": [[631, 0.0025380710659898475]], "xiuzhen": [[981, 0.0002244668911335578]], "x215": [[742, 0.00029308323563892143]], "xxi": [[575, 0.0017152658662092624]], "xii": [[575, 0.0008576329331046312]], "xiii": [[783, 0.0019083969465648854]], "xiv": [[575, 0.0008576329331046312]], "xvi": [[575, 0.0008576329331046312]], "xvii": [[575, 0.0008576329331046312]], "xviii": [[575, 0.0008576329331046312]], "xix": [[575, 0.0008576329331046312]], "xylol": [[604, 0.0010121457489878543]], "xiaowei": [[617, 0.0030120481927710845]], "xstab": [[631, 0.0025380710659898475]], "xsens": [[647, 0.0009319664492078285]], "x3023": [[660, 0.005780346820809248]], "xie": [[685, 0.0031397174254317113], [1977, 0.0045662100456621]], "xhypo": [[742, 0.00029308323563892143]], "xp1000": [[835, 0.00020165355918531962]], "x2bar": [[821, 0.0009861932938856016]], "xybar": [[821, 0.0009861932938856016]], "x2ybr": [[821, 0.0009861932938856016]], "xy2br": [[821, 0.0009861932938856016]], "xegvy": [[821, 0.0009861932938856016]], "xf": [[828, 0.001445086705202312]], "xre": [[828, 0.001445086705202312]], "xle": [[828, 0.001445086705202312]], "xn": [[828, 0.001445086705202312]], "xrm": [[828, 0.001445086705202312]], "xlm": [[828, 0.001445086705202312]], "xx1": [[881, 0.003215434083601286]], "xx2": [[881, 0.003215434083601286]], "xiping": [[897, 0.011494252873563218]], "xiaoyong": [[981, 0.0002244668911335578]], "xiaohui": [[1977, 0.0045662100456621]], "xiang": [[1881, 0.0003022061045633122]], "xenopus": [[1887, 0.0010190217391304348]], "xbp1": [[1550, 0.00010750376263169211]], "xpo5": [[1351, 2.036950278043713e-05]], "xrn1": [[1398, 0.0001341741580571582]], "xrcc2": [[1841, 6.87096330905593e-05]], "xpo7": [[1351, 2.036950278043713e-05]], "xrn2": [[1550, 0.00010750376263169211]], "xpr1": [[1351, 2.036950278043713e-05]], "xiap": [[1351, 2.036950278043713e-05]], "xpo6": [[1841, 6.87096330905593e-05]], "xpa": [[1757, 4.323202628507198e-05]], "xylt1": [[1757, 4.323202628507198e-05]], "xkrx": [[1351, 2.036950278043713e-05]], "xlr3b": [[1351, 2.036950278043713e-05]], "xrcc5": [[1841, 0.0002748385323622372]], "xlr3a": [[1351, 2.036950278043713e-05]], "xrcc6bp1": [[1757, 4.323202628507198e-05]], "xpo4": [[1757, 4.323202628507198e-05]], "xlr4c": [[1351, 2.036950278043713e-05]], "xlr4b": [[1351, 2.036950278043713e-05]], "xdh": [[1351, 2.036950278043713e-05]], "xkr8": [[1351, 2.036950278043713e-05]], "xrcc4": [[1351, 2.036950278043713e-05]], "xylt2": [[1396, 0.00012122975463097663]], "xylb": [[1734, 4.222081486172683e-05]], "xpot": [[1841, 6.87096330905593e-05]], "xpo1": [[1841, 6.87096330905593e-05]], "xpc": [[1396, 4.849190185239065e-05]], "xrcc3": [[1841, 6.87096330905593e-05]], "xenobiotics": [[1398, 6.70870790285791e-05]], "xab2": [[1841, 6.87096330905593e-05]], "xrcc1": [[1841, 0.0001374192661811186]], "xrcc6": [[1841, 0.0003435481654527965]], "xhx": [[1997, 0.00909090909090909]], "xpgradsuper": [[1566, 6.873797085510036e-05]], "xrodrmpgmntd": [[1566, 6.873797085510036e-05]], "xrodrmpgmntb": [[1566, 6.873797085510036e-05]], "xrodrmpgmntg": [[1566, 6.873797085510036e-05]], "xopioidr": [[1566, 6.873797085510036e-05]], "xist": [[1700, 0.000859106529209622]], "xxylt1": [[1734, 4.222081486172683e-05]]}