{"x": [[593, 0.001875], [1194, 0.0037105751391465678], [1746, 0.00078125], [2334, 0.005780346820809248], [2994, 0.001142857142857143]], "xu": [[480, 0.0012422360248447205], [1167, 0.0013966480446927375], [1767, 0.0035087719298245615], [2315, 0.004608294930875576], [2922, 0.0036101083032490976]], "xjennifer": [[388, 0.0002576655501159495], [819, 0.0002577984016499098]], "xing": [[420, 0.00024390243902439024], [810, 0.00019538882375928098], [1697, 0.0010190217391304348], [2275, 0.0009927200529450694], [2993, 0.0009937065253395165]], "xiao": [[551, 0.00019073049780659929], [1157, 0.0016155088852988692]], "xi": [[575, 0.0008576329331046312], [1183, 0.0016025641025641025]], "xlsx": [[85, 0.0009285051067780873]], "xtal": [[317, 0.0011682242990654205], [1112, 0.00011712344811431249]], "xd6": [[115, 0.0006112469437652812], [799, 0.0003459010722933241]], "x1": [[538, 0.004073319755600814], [881, 0.001607717041800643]], "x2": [[538, 0.002036659877800407], [881, 0.001607717041800643]], "x3": [[538, 0.002036659877800407], [795, 0.001218026796589525]], "x4": [[538, 0.002036659877800407], [795, 0.001218026796589525]], "x5": [[538, 0.002036659877800407], [795, 0.001218026796589525]], "x6": [[538, 0.002036659877800407], [795, 0.00243605359317905]], "xin": [[470, 0.00028563267637817766], [1076, 0.0006605019815059445], [2317, 1.4435847095507564e-05], [2936, 3.8483740619588224e-05]], "xavier": [[466, 0.00046707146193367583], [699, 0.004819277108433735], [1697, 0.00033967391304347825], [2275, 0.00033090668431502316], [2993, 0.0003312355084465055]], "xor": [[403, 0.004761904761904762], [1076, 0.0006605019815059445]], "xiangxiang": [[160, 0.001851851851851852]], "xml": [[250, 0.0014749262536873156], [1196, 0.0019455252918287938]], "x7": [[538, 0.002036659877800407], [795, 0.001218026796589525]], "x8": [[538, 0.004073319755600814]], "x9": [[213, 0.0008064516129032258]], "x10": [[213, 0.0008064516129032258]], "x11": [[213, 0.0008064516129032258], [795, 0.00243605359317905]], "x12": [[213, 0.0008064516129032258], [795, 0.001218026796589525]], "x13": [[213, 0.0008064516129032258], [795, 0.001218026796589525]], "x14": [[213, 0.0008064516129032258]], "x15": [[213, 0.0008064516129032258]], "x16": [[307, 0.0017889087656529517]], "x17": [[213, 0.0008064516129032258], [795, 0.001218026796589525]], "x18": [[213, 0.0008064516129032258], [795, 0.001218026796589525]], "x19": [[213, 0.0008064516129032258], [795, 0.001218026796589525]], "x20": [[213, 0.0008064516129032258]], "x21": [[213, 0.0008064516129032258]], "x22": [[213, 0.0008064516129032258]], "x23": [[213, 0.0008064516129032258], [795, 0.001218026796589525]], "x24": [[213, 0.0008064516129032258]], "x25": [[213, 0.0008064516129032258]], "x26": [[213, 0.0008064516129032258]], "x27": [[213, 0.0008064516129032258]], "x28": [[213, 0.0008064516129032258]], "x29": [[213, 0.0008064516129032258]], "x30": [[213, 0.0008064516129032258]], "x31": [[213, 0.0008064516129032258]], "x32": [[213, 0.0008064516129032258]], "x33": [[213, 0.0008064516129032258]], "x34": [[213, 0.0008064516129032258]], "x35": [[213, 0.0008064516129032258]], "x36": [[213, 0.0008064516129032258]], "x37": [[213, 0.0008064516129032258]], "x38": [[213, 0.0008064516129032258]], "x39": [[213, 0.0008064516129032258]], "x40": [[213, 0.0008064516129032258]], "x41": [[213, 0.0008064516129032258]], "x42": [[213, 0.0008064516129032258]], "x43": [[213, 0.0008064516129032258]], "x44": [[213, 0.0008064516129032258]], "x45": [[213, 0.0008064516129032258]], "x46": [[213, 0.0008064516129032258]], "x47": [[213, 0.0008064516129032258]], "x48": [[213, 0.0008064516129032258]], "x49": [[213, 0.0008064516129032258]], "x50": [[213, 0.0008064516129032258]], "x51": [[213, 0.0008064516129032258]], "x52": [[213, 0.0008064516129032258]], "x53": [[213, 0.0008064516129032258]], "x54": [[213, 0.0008064516129032258]], "x55": [[213, 0.0008064516129032258]], "x56": [[213, 0.0008064516129032258]], "x57": [[213, 0.0008064516129032258]], "x58": [[213, 0.0008064516129032258]], "x59": [[213, 0.0008064516129032258]], "x60": [[213, 0.0008064516129032258]], "x61": [[213, 0.0008064516129032258]], "x62": [[213, 0.0008064516129032258]], "x63": [[213, 0.0008064516129032258]], "x64": [[213, 0.0008064516129032258]], "xx": [[575, 0.0008576329331046312], [706, 0.0001006238679814852]], "xia": [[307, 0.0017889087656529517]], "xiaoli": [[551, 0.00019073049780659929]], "xinyang": [[357, 0.0033222591362126247]], "xv": [[575, 0.0008576329331046312], [975, 0.0025526483726866626], [2799, 1.211856806999685e-05]], "xiaofeng": [[364, 0.0014727540500736377], [1101, 0.003472222222222222]], "x3033": [[367, 0.0005083884087442806], [1032, 0.0005083884087442806]], "x178": [[475, 0.0015015015015015015]], "xk": [[477, 0.0002718868950516585], [731, 0.0003506311360448808], [1351, 2.036950278043713e-05], [2317, 1.4435847095507564e-05], [2522, 2.8294145941204766e-05]], "xiaoming": [[505, 0.0019455252918287938], [1166, 0.002197802197802198]], "xifara": [[538, 0.006109979633401222]], "xl": [[558, 0.00021963540522732265], [1133, 0.0025575447570332483]], "xiuzhen": [[549, 0.00017895490336435218], [981, 0.0002244668911335578]], "x215": [[549, 0.00017895490336435218], [1112, 0.00011712344811431249]], "xxi": [[575, 0.0017152658662092624]], "xii": [[575, 0.0008576329331046312], [1194, 0.0018552875695732839]], "xiii": [[575, 0.0008576329331046312], [783, 0.0019083969465648854]], "xiv": [[575, 0.0008576329331046312]], "xvi": [[575, 0.0008576329331046312]], "xvii": [[575, 0.0008576329331046312]], "xviii": [[575, 0.0008576329331046312]], "xix": [[575, 0.0008576329331046312]], "xylol": [[604, 0.0010121457489878543]], "xiaowei": [[617, 0.0030120481927710845]], "xstab": [[631, 0.0025380710659898475]], "xsens": [[647, 0.0009319664492078285]], "x3023": [[660, 0.005780346820809248]], "xie": [[1015, 0.004889975550122249], [1767, 0.0035087719298245615], [2334, 0.005780346820809248], [2993, 0.02716131169261345]], "xhypo": [[742, 0.00029308323563892143]], "xp1000": [[835, 0.00020165355918531962]], "x2bar": [[821, 0.0009861932938856016]], "xybar": [[821, 0.0009861932938856016]], "x2ybr": [[821, 0.0009861932938856016]], "xy2br": [[821, 0.0009861932938856016]], "xegvy": [[821, 0.0009861932938856016]], "xf": [[828, 0.001445086705202312]], "xre": [[828, 0.001445086705202312]], "xle": [[828, 0.001445086705202312]], "xn": [[828, 0.001445086705202312]], "xrm": [[828, 0.001445086705202312]], "xlm": [[828, 0.001445086705202312]], "xx1": [[881, 0.003215434083601286]], "xx2": [[881, 0.003215434083601286]], "xiping": [[897, 0.011494252873563218]], "xiaoyong": [[981, 0.0002244668911335578]], "xiaojian": [[1126, 0.0006042296072507553]], "xmapper": [[1148, 0.004555808656036446]], "xxxxx": [[1178, 0.0019083969465648854]], "xiaohui": [[1767, 0.0035087719298245615], [2315, 0.004608294930875576], [2993, 0.000662471016893011]], "xiang": [[1617, 0.00030525030525030525], [2247, 0.00030441400304414006], [2866, 0.0003053435114503817]], "xenopus": [[1697, 0.0010190217391304348], [2275, 0.0009927200529450694], [2993, 0.0009937065253395165]], "xbp1": [[1550, 0.00010750376263169211], [2360, 0.00011361054305839582], [2936, 7.696748123917645e-05]], "xpo5": [[1351, 2.036950278043713e-05]], "xrn1": [[1398, 0.0001341741580571582], [2317, 1.4435847095507564e-05], [2799, 7.271140841998109e-05]], "xrcc2": [[1398, 6.70870790285791e-05], [2317, 1.4435847095507564e-05], [2936, 3.8483740619588224e-05]], "xpo7": [[1351, 2.036950278043713e-05], [2317, 1.4435847095507564e-05], [2737, 3.6431996036198833e-06]], "xrn2": [[1550, 0.00010750376263169211], [2317, 1.4435847095507564e-05], [2799, 4.84742722799874e-05]], "xpr1": [[1351, 2.036950278043713e-05], [2317, 2.887169419101513e-05], [2936, 7.696748123917645e-05]], "xiap": [[1351, 2.036950278043713e-05], [2233, 2.8135726745821844e-05], [2737, 3.6431996036198833e-06]], "xpo6": [[1351, 2.036950278043713e-05], [2317, 2.887169419101513e-05], [2936, 3.8483740619588224e-05]], "xpa": [[1757, 4.323202628507198e-05], [2737, 1.0929598810859649e-05]],