{"you": [[0, 0.006772009029345372], [994, 0.003257328990228013], [1997, 0.03636363636363636]], "youtube": [[0, 0.002257336343115124], [976, 0.005361930294906166]], "year": [[0, 0.002257336343115124], [984, 0.0012903225806451613]], "your": [[975, 0.0006381620931716656], [1997, 0.01818181818181818]], "yu": [[929, 0.0009925558312655087], [1887, 0.00033967391304347825]], "yes": [[994, 0.0010857763300760044]], "yet": [[981, 0.0002244668911335578]], "y": [[930, 0.0008016032064128256], [1887, 0.009510869565217392]], "york": [[830, 0.0010214504596527069]], "younger": [[23, 0.0011111111111111111]], "yong": [[32, 0.0011614401858304297]], "yang": [[981, 0.0002244668911335578], [1887, 0.0006793478260869565]], "yearwood": [[987, 0.0010964912280701754]], "youngkeol": [[911, 0.0011261261261261261]], "yun": [[911, 0.0011261261261261261]], "yeastmichael": [[47, 0.000572737686139748]], "years": [[914, 0.0019723865877712033]], "young": [[779, 0.0016750418760469012], [1398, 6.70870790285791e-05]], "yao": [[981, 0.0002244668911335578], [1887, 0.0010190217391304348]], "yoshida": [[932, 0.0003191828917969997]], "yuan": [[932, 0.0003191828917969997]], "yardstick": [[715, 0.0008849557522123894]], "yellow": [[972, 0.0007142857142857143]], "yearpredictionmsd": [[76, 0.0064516129032258064]], "yan": [[971, 0.005405405405405406]], "yugoslavia": [[822, 0.0005112474437627812]], "yoav": [[929, 0.0004962779156327543]], "ya": [[98, 0.00022609088853719196]], "yield": [[706, 0.0001006238679814852]], "yearbooks": [[103, 0.0006333122229259025]], "yields": [[932, 0.0003191828917969997]], "yann": [[113, 0.0012330456226880395]], "yau": [[856, 0.0006657789613848203]], "yuying": [[163, 0.0004743833017077799]], "yasmina": [[190, 0.0006711409395973154]], "yielding": [[558, 0.0010981770261366132]], "yearsch": [[203, 0.0008936550491510277]], "yearwrk": [[203, 0.0008936550491510277]], "yrsserv": [[203, 0.0008936550491510277]], "yeh": [[795, 0.0036540803897685747]], "yaw": [[556, 0.002777777777777778]], "yeast": [[939, 0.004016064257028112]], "yoram": [[835, 0.00020165355918531962]], "yy": [[706, 0.0001006238679814852]], "yiu": [[553, 0.0005524861878453039]], "yoon": [[553, 0.0005524861878453039]], "yahoo": [[835, 0.00020165355918531962]], "yanzhang": [[262, 0.001996007984031936]], "yaniv": [[706, 0.0001006238679814852]], "yona": [[706, 0.0001006238679814852]], "y1": [[881, 0.001607717041800643]], "y2": [[881, 0.001607717041800643]], "y16": [[307, 0.0017889087656529517]], "yair": [[322, 0.0025673940949935813]], "yael": [[322, 0.0012836970474967907]], "yisroel": [[322, 0.0012836970474967907]], "yuval": [[322, 0.0012836970474967907]], "yairme": [[322, 0.0012836970474967907]], "y3": [[387, 0.001184834123222749]], "y4": [[387, 0.001184834123222749]], "yk": [[388, 0.0002576655501159495], [1887, 0.0006793478260869565]], "yver": [[390, 0.001584786053882726]], "ymejora": [[419, 0.0012391573729863693]], "ymultimodal": [[419, 0.0012391573729863693]], "yacht": [[440, 0.007211538461538462]], "yachts": [[440, 0.007211538461538462]], "yours": [[452, 0.0018315018315018315]], "yoncaci": [[835, 0.00020165355918531962]], "yea": [[873, 0.0009935419771485345]], "ying": [[873, 0.0004967709885742673]], "yi": [[981, 0.0002244668911335578], [1977, 0.0045662100456621]], "yeastyuan": [[551, 0.00019073049780659929]], "yongseog": [[558, 0.00021963540522732265]], "yarifard": [[611, 0.0016597510373443983]], "yadav": [[611, 0.0008298755186721991]], "youngest": [[624, 0.0007892659826361484]], "yr": [[877, 0.0008944543828264759]], "yeung": [[686, 0.0004897159647404506]], "yrs": [[799, 0.0003459010722933241]], "yiming": [[805, 0.0008176614881439084]], "yumusak": [[808, 0.00646551724137931]], "yomi": [[809, 0.0013831258644536654]], "y2bar": [[821, 0.0009861932938856016]], "yegvx": [[821, 0.0009861932938856016]], "yf": [[828, 0.001445086705202312]], "yre": [[828, 0.001445086705202312]], "yl": [[828, 0.001445086705202312]], "yn": [[828, 0.001445086705202312]], "yrm": [[828, 0.001445086705202312]], "ylm": [[828, 0.001445086705202312]], "yamakami": [[830, 0.0010214504596527069]], "yara": [[969, 0.0106951871657754]], "yar01": [[969, 0.00267379679144385]], "yearly": [[878, 0.0013458950201884253]], "yy1": [[881, 0.003215434083601286]], "yy2": [[881, 0.003215434083601286]], "yyyymmdd": [[914, 0.0019723865877712033]], "yeni": [[951, 0.002207505518763797]], "yifei": [[1977, 0.0045662100456621]], "yuanfeng": [[1977, 0.0045662100456621]], "ye": [[1977, 0.0045662100456621]], "yeeleng": [[1887, 0.00033967391304347825]], "ys": [[1881, 0.0006044122091266244]], "yasuoka": [[1881, 0.0003022061045633122]], "yates": [[1887, 0.00033967391304347825]], "yokomori": [[1955, 0.0019455252918287938]], "ypel5": [[1351, 2.036950278043713e-05]], "ywhae": [[1566, 6.873797085510036e-05]], "ywhag": [[1734, 4.222081486172683e-05]], "ywhaq": [[1566, 6.873797085510036e-05]], "ythdc1": [[1351, 2.036950278043713e-05]], "ythdf2": [[1351, 2.036950278043713e-05]], "yars2": [[1396, 4.849190185239065e-05]], "yars": [[1351, 2.036950278043713e-05]], "ybey": [[1841, 6.87096330905593e-05]], "ythdf3": [[1351, 2.036950278043713e-05]], "yif1b": [[1458, 3.382721060821325e-05]], "yeats4": [[1757, 4.323202628507198e-05]], "yeats2": [[1351, 2.036950278043713e-05]], "ywhab": [[1458, 4.510294747761766e-05]], "ybx2": [[1351, 2.036950278043713e-05]], "ythdc2": [[1841, 0.0002748385323622372]], "ydjc": [[1757, 4.323202628507198e-05]], "yif1a": [[1757, 4.323202628507198e-05]], "yipf3": [[1351, 2.036950278043713e-05]], "ypel3": [[1351, 2.036950278043713e-05]], "yipf6": [[1351, 2.036950278043713e-05]], "yes1": [[1396, 9.69838037047813e-05]], "ypel4": [[1351, 2.036950278043713e-05]], "yelp": [[1977, 0.0045662100456621]], "ywhaz": [[1566, 6.873797085510036e-05]], "ywhah": [[1566, 6.873797085510036e-05]], "yap1": [[1757, 4.323202628507198e-05]], "ykt6": [[1396, 4.849190185239065e-05]], "ybx3": [[1458, 0.00010148163182463974]], "yaaaccg": [[1981, 0.00016644474034620507]], "ybx1": [[1841, 6.87096330905593e-05]], "ykinasetyk2": [[1566, 6.873797085510036e-05]], "yeast73duf": [[1566, 6.873797085510036e-05]], "yhdcrboxlase": [[1566, 6.873797085510036e-05]], "yourmail": [[1985, 0.0012903225806451613]], "yacwgtg": [[1746, 0.00078125]], "yggctcac": [[1746, 0.00078125]], "ylpm1": [[1841, 6.87096330905593e-05]], "yme1l1": [[1841, 6.87096330905593e-05]], "yrdc": [[1841, 6.87096330905593e-05]], "ytcggat": [[1923, 0.0006793478260869565]]}