{"you": [[0, 0.006772009029345372], [600, 0.003278688524590164], [1173, 0.037037037037037035], [1799, 0.01639344262295082], [2374, 0.01639344262295082], [2993, 0.0003312355084465055]], "youtube": [[0, 0.002257336343115124], [592, 0.006134969325153374], [1014, 0.009971509971509971]], "year": [[0, 0.002257336343115124], [589, 0.0008496176720475786], [1178, 0.0019083969465648854]], "your": [[600, 0.003278688524590164], [1196, 0.0019455252918287938], [1773, 0.0196078431372549], [2345, 0.01818181818181818], [2955, 0.02040816326530612]], "yu": [[562, 0.00041254125412541255], [1167, 0.0013966480446927375], [1766, 0.002793296089385475], [2275, 0.00033090668431502316], [2993, 0.0003312355084465055]], "yes": [[593, 0.000625], [1183, 0.004807692307692308]], "yet": [[549, 0.00017895490336435218], [1160, 0.00089126559714795]], "y": [[593, 0.001875], [1194, 0.0037105751391465678], [1746, 0.00078125], [2275, 0.009596293845135672], [2994, 0.001142857142857143]], "york": [[523, 0.004228329809725159], [1167, 0.0013966480446927375]], "younger": [[23, 0.0011111111111111111]], "yong": [[32, 0.0011614401858304297]], "yang": [[593, 0.000625], [1198, 0.0025252525252525255], [1697, 0.0006793478260869565], [2275, 0.0006618133686300463], [2993, 0.000662471016893011]], "yearwood": [[549, 0.00035790980672870435], [1112, 0.00011712344811431249]], "youngkeol": [[593, 0.000625], [1156, 0.00039154267815191856]], "yun": [[593, 0.000625], [1156, 0.00039154267815191856]], "yeastmichael": [[47, 0.000572737686139748]], "years": [[585, 0.002789400278940028], [1168, 0.003968253968253968]], "young": [[556, 0.002777777777777778], [1167, 0.002793296089385475], [1398, 6.70870790285791e-05]], "yao": [[367, 0.0005083884087442806], [1183, 0.0016025641025641025], [1697, 0.0010190217391304348], [2275, 0.0009927200529450694], [2993, 0.0009937065253395165]], "yoshida": [[57, 0.001195457262402869], [932, 0.0003191828917969997]], "yuan": [[549, 0.00017895490336435218], [1197, 0.0004916420845624386]], "yardstick": [[500, 0.0014285714285714286], [1167, 0.0013966480446927375]], "yellow": [[431, 0.007407407407407408], [1077, 0.002849002849002849]], "yearpredictionmsd": [[76, 0.0064516129032258064]], "yan": [[512, 0.0008650519031141869], [1197, 0.0004916420845624386]], "yugoslavia": [[499, 0.0004985044865403788], [1112, 0.00011712344811431249]], "yoav": [[367, 0.0005083884087442806], [1123, 0.0005878894767783657]], "ya": [[98, 0.00022609088853719196]], "yield": [[487, 0.004037685060565276], [706, 0.0001006238679814852]], "yearbooks": [[103, 0.0006333122229259025]], "yields": [[367, 0.0005083884087442806], [1090, 0.0009407337723424271]], "yann": [[113, 0.0012330456226880395]], "yau": [[551, 0.00019073049780659929], [1143, 0.000546448087431694]], "yuying": [[163, 0.0004743833017077799], [1046, 0.0004743833017077799]], "yasmina": [[190, 0.0006711409395973154]], "yielding": [[558, 0.0010981770261366132], [1148, 0.004555808656036446]], "yearsch": [[203, 0.0008936550491510277]], "yearwrk": [[203, 0.0008936550491510277]], "yrsserv": [[203, 0.0008936550491510277]], "yeh": [[501, 0.014736842105263158], [795, 0.0036540803897685747]], "yaw": [[556, 0.002777777777777778]], "yeast": [[297, 0.000859106529209622], [1198, 0.0012626262626262627]], "yoram": [[567, 0.002257336343115124], [1149, 0.0030075187969924814]], "yy": [[439, 0.0014104372355430183], [706, 0.0001006238679814852]], "yiu": [[553, 0.0005524861878453039], [1156, 0.00039154267815191856]], "yoon": [[553, 0.0005524861878453039], [1156, 0.00039154267815191856]], "yahoo": [[553, 0.0005524861878453039], [1156, 0.00039154267815191856]], "yanzhang": [[262, 0.001996007984031936]], "yaniv": [[567, 0.001128668171557562], [706, 0.0001006238679814852]], "yona": [[567, 0.001128668171557562], [706, 0.0001006238679814852]], "y1": [[538, 0.004073319755600814], [881, 0.001607717041800643]], "y2": [[538, 0.004073319755600814], [881, 0.001607717041800643]], "y16": [[307, 0.0017889087656529517]], "yair": [[322, 0.0025673940949935813]], "yael": [[322, 0.0012836970474967907]], "yisroel": [[322, 0.0012836970474967907]], "yuval": [[322, 0.0012836970474967907]], "yairme": [[322, 0.0012836970474967907]], "y3": [[387, 0.001184834123222749]], "y4": [[387, 0.001184834123222749]], "yk": [[388, 0.0002576655501159495], [1697, 0.0006793478260869565], [2275, 0.0006618133686300463], [2993, 0.000662471016893011]], "yver": [[390, 0.001584786053882726]], "ymejora": [[419, 0.0012391573729863693]], "ymultimodal": [[419, 0.0012391573729863693]], "yacht": [[440, 0.007211538461538462]], "yachts": [[440, 0.007211538461538462]], "yours": [[452, 0.0018315018315018315]], "yoncaci": [[499, 0.0004985044865403788], [835, 0.00020165355918531962]], "yea": [[543, 0.0009560229445506692], [873, 0.0009935419771485345]], "ying": [[543, 0.0009560229445506692], [873, 0.0004967709885742673]], "yi": [[543, 0.0009560229445506692], [981, 0.0002244668911335578], [1767, 0.0035087719298245615], [2315, 0.004608294930875576], [2922, 0.0036101083032490976]], "yeastyuan": [[551, 0.00019073049780659929]], "yongseog": [[558, 0.00021963540522732265], [1052, 0.00021958717610891525]], "yarifard": [[584, 0.0007358351729212656], [611, 0.0016597510373443983]], "yadav": [[584, 0.0007358351729212656], [611, 0.0008298755186721991]], "youngest": [[624, 0.0007892659826361484]], "yr": [[877, 0.0008944543828264759]], "yeung": [[1110, 0.00020044097013429546]], "yrs": [[799, 0.0003459010722933241]], "yiming": [[805, 0.0008176614881439084]], "yumusak": [[808, 0.00646551724137931]], "yomi": [[809, 0.0013831258644536654]], "y2bar": [[821, 0.0009861932938856016]], "yegvx": [[821, 0.0009861932938856016]], "yf": [[828, 0.001445086705202312]], "yre": [[828, 0.001445086705202312]], "yl": [[828, 0.001445086705202312]], "yn": [[828, 0.001445086705202312]], "yrm": [[828, 0.001445086705202312]], "ylm": [[828, 0.001445086705202312]], "yamakami": [[830, 0.0010214504596527069]], "yara": [[969, 0.0106951871657754]], "yar01": [[969, 0.00267379679144385]], "yearly": [[878, 0.0013458950201884253]], "yy1": [[881, 0.003215434083601286], [2360, 0.0006816632583503749], [2737, 7.286399207239767e-06]], "yy2": [[881, 0.003215434083601286], [2677, 5.7240984544934173e-05]], "yyyymmdd": [[914, 0.0019723865877712033]], "yeni": [[951, 0.002207505518763797]], "yoneda": [[1005, 0.0018975332068311196]], "yousif": [[1027, 0.007246376811594203]], "yuksek": [[1027, 0.0036231884057971015]], "yildiz": [[1045, 0.0016863406408094434]], "yielded": [[1131, 0.002457002457002457]], "yearsexp": [[1137, 0.0010482180293501049]], "yifei": [[1767, 0.0035087719298245615], [2315, 0.004608294930875576], [2922, 0.007220216606498195]], "yuanfeng": [[1767, 0.0035087719298245615], [2315, 0.004608294930875576], [2922, 0.0036101083032490976]], "ye": [[1767, 0.0035087719298245615], [2315, 0.004608294930875576], [2993, 0.0023186485591255384]], "yeeleng": [[1697, 0.00033967391304347825], [2275, 0.00033090668431502316], [2993, 0.0003312355084465055]], "ys": [[1642, 0.0003291639236339697], [2275, 0.00033090668431502316], [2993, 0.0003312355084465055]], "yasuoka": [[1642, 0.0003291639236339697], [2275, 0.00033090668431502316], [2993, 0.0003312355084465055]], "yates": [[1697, 0.00033967391304347825], [2275, 0.00033090668431502316], [2993, 0.0003312355084465055]], "yokomori": [[1697, 0.00033967391304347825], [2334, 0.005780346820809248], [2993, 0.0003312355084465055]], "ypel5": [[1351, 2.036950278043713e-05], [2677, 5.7240984544934173e-05]], "ywhae": [[1566, 6.873797085510036e-05], [2360, 0.0019313792319927288], [2936, 7.696748123917645e-05]], "ywhag": [[1734, 4.222081486172683e-05], [2360, 0.001249715973642354], [2936, 7.696748123917645e-05]], "ywhaq": [[1566, 6.873797085510036e-05], [2360, 0.001249715973642354], [2936, 7.696748123917645e-05]], "ythdc1": [[1351, 2.036950278043713e-05], [2385, 3.436229311036023e-05], [2936, 3.8483740619588224e-05]], "ythdf2": [[1351, 2.036950278043713e-05], [2317, 1.4435847095507564e-05], [2936, 3.8483740619588224e-05]],