{"zhang": [[0, 0.002257336343115124], [1, 0.002257336343115124], [2, 0.002257336343115124], [21, 0.003205128205128205], [77, 0.0004916420845624386], [78, 0.0028957528957528956], [124, 0.0018148820326678765], [143, 0.00019138755980861245], [160, 0.001851851851851852], [163, 0.0004743833017077799], [224, 0.00966183574879227], [242, 0.000946969696969697], [258, 0.0005497526113249038], [281, 0.002331002331002331], [339, 0.0015873015873015873], [354, 0.001095290251916758], [367, 0.0005083884087442806], [420, 0.00024390243902439024], [442, 0.004807692307692308], [466, 0.00046707146193367583], [519, 0.002061855670103093], [524, 0.008802816901408451], [529, 0.002074688796680498], [549, 0.00017895490336435218], [551, 0.00019073049780659929], [666, 0.002626970227670753], [686, 0.0004897159647404506], [742, 0.00029308323563892143], [761, 0.0006277463904582549]], "zhu": [[5, 0.002145922746781116], [7, 0.0018450184501845018], [8, 0.002145922746781116], [244, 0.0008547008547008547], [444, 0.0006006006006006006], [662, 0.0006006006006006006], [731, 0.0003506311360448808]], "zero": [[10, 0.0015910898965791568], [29, 0.0017543859649122807], [33, 0.0002577319587628866], [37, 0.0019646365422396855], [46, 0.0005665722379603399], [78, 0.0009652509652509653], [146, 0.0015082956259426848], [163, 0.0009487666034155598], [221, 0.0027472527472527475], [388, 0.0002576655501159495], [420, 0.0004878048780487805], [484, 0.0011049723756906078], [508, 0.0027472527472527475], [518, 0.0016474464579901153], [551, 0.00038146099561319857], [553, 0.0011049723756906078], [558, 0.00021963540522732265], [597, 0.002277904328018223], [623, 0.005390835579514825], [642, 0.0033076074972436605], [666, 0.0008756567425569177], [706, 0.0001006238679814852]], "z": [[10, 0.0007955449482895784], [19, 0.0025619128949615714], [46, 0.0028328611898017], [56, 0.0021141649048625794], [123, 0.008915304606240713], [143, 0.00019138755980861245], [184, 0.001392757660167131], [221, 0.0018315018315018315], [253, 0.003080082135523614], [297, 0.000859106529209622], [312, 0.002849002849002849], [387, 0.004739336492890996], [400, 0.017902813299232736], [441, 0.008237232289950576], [505, 0.0019455252918287938], [508, 0.0018315018315018315], [556, 0.002777777777777778], [584, 0.0014716703458425313], [611, 0.0016597510373443983], [624, 0.0007892659826361484], [629, 0.0039603960396039604], [647, 0.0027958993476234857], [716, 0.004694835680751174], [731, 0.0007012622720897616], [761, 0.004394224733207784], [762, 0.001669449081803005]], "zhou": [[16, 0.0024630541871921183], [64, 0.002136752136752137], [74, 0.0011655011655011655], [77, 0.0004916420845624386], [78, 0.004826254826254826], [114, 0.0015037593984962407], [128, 0.0015037593984962407], [132, 0.0012004801920768306], [143, 0.00019138755980861245], [170, 0.0031201248049922], [246, 0.001272264631043257], [255, 0.00039154267815191856], [258, 0.0005497526113249038], [266, 0.001486988847583643], [281, 0.003885003885003885], [292, 0.0013280212483399733], [310, 0.000657030223390276], [319, 0.0013297872340425532], [324, 0.0009861932938856016], [348, 0.000864304235090752], [360, 0.000657030223390276], [417, 0.00043821209465381246], [420, 0.00024390243902439024], [421, 0.005610098176718092], [436, 0.000864304235090752], [470, 0.0005712653527563553], [477, 0.000543773790103317], [478, 0.0012376237623762376], [480, 0.0012422360248447205], [484, 0.0005524861878453039], [500, 0.0014285714285714286], [504, 0.001366120218579235], [506, 0.00039154267815191856], [531, 0.0009254974548819991], [549, 0.0005368647100930566], [551, 0.00038146099561319857], [553, 0.0005524861878453039], [558, 0.000658906215681968], [562, 0.0012376237623762376], [630, 0.001713796058269066], [635, 0.00039984006397441024], [639, 0.0005892751915144372], [666, 0.0043782837127845885], [679, 0.00048216007714561236], [686, 0.0004897159647404506], [700, 0.0011312217194570137], [706, 0.0002012477359629704], [715, 0.0008849557522123894], [720, 0.001314060446780552], [734, 0.0012070006035003018], [737, 0.0030257186081694403], [742, 0.0008792497069167644]], "zhang24": [[21, 0.0016025641025641025]], "zoran": [[23, 0.0011111111111111111], [208, 0.00423728813559322], [679, 0.00048216007714561236]], "zealand": [[27, 0.003389830508474576], [51, 0.0003247807729782397], [470, 0.00028563267637817766], [706, 0.0001006238679814852]], "zubiaga": [[29, 0.0017543859649122807]], "zal": [[33, 0.0002577319587628866], [163, 0.0004743833017077799], [242, 0.000946969696969697], [306, 0.00047214353163361664], [352, 0.00047214353163361664], [388, 0.0002576655501159495], [468, 0.0006544502617801048], [470, 0.00028563267637817766], [481, 0.0004904364884747426], [549, 0.00017895490336435218], [706, 0.0001006238679814852], [742, 0.00029308323563892143]], "zurada": [[33, 0.0002577319587628866], [98, 0.00022609088853719196], [138, 0.00041118421052631577], [163, 0.0004743833017077799], [306, 0.00047214353163361664], [352, 0.00047214353163361664], [388, 0.0002576655501159495], [470, 0.00028563267637817766], [481, 0.0004904364884747426], [510, 0.0009881422924901185], [601, 0.0009881422924901185], [635, 0.00039984006397441024], [686, 0.0004897159647404506], [706, 0.0001006238679814852]], "zaffalon": [[40, 0.0011261261261261261], [55, 0.000625], [255, 0.0007830853563038371], [310, 0.001314060446780552], [360, 0.001314060446780552], [484, 0.0011049723756906078], [506, 0.0007830853563038371], [553, 0.0011049723756906078], [593, 0.000625]], "zum": [[40, 0.0011261261261261261], [55, 0.000625], [77, 0.0004916420845624386], [87, 0.0011695906432748538], [98, 0.00022609088853719196], [103, 0.0006333122229259025], [108, 0.00202020202020202], [116, 0.002257336343115124], [143, 0.00019138755980861245], [226, 0.000749063670411985], [246, 0.001272264631043257], [292, 0.0004426737494466578], [317, 0.0011682242990654205], [324, 0.0009861932938856016], [367, 0.0005083884087442806], [470, 0.00028563267637817766], [478, 0.00041254125412541255], [549, 0.00017895490336435218], [551, 0.00019073049780659929], [558, 0.00021963540522732265], [562, 0.00041254125412541255], [593, 0.000625], [639, 0.0005892751915144372], [679, 0.00048216007714561236], [686, 0.0004897159647404506], [700, 0.0011312217194570137], [706, 0.0001006238679814852], [734, 0.0006035003017501509], [742, 0.00029308323563892143]], "zwecke": [[40, 0.0011261261261261261], [55, 0.000625], [77, 0.0004916420845624386], [87, 0.0011695906432748538], [98, 0.00022609088853719196], [103, 0.0006333122229259025], [108, 0.00202020202020202], [116, 0.002257336343115124], [143, 0.00019138755980861245], [226, 0.000749063670411985], [246, 0.001272264631043257], [292, 0.0004426737494466578], [317, 0.0011682242990654205], [324, 0.0009861932938856016], [367, 0.0005083884087442806], [470, 0.00028563267637817766], [478, 0.00041254125412541255], [549, 0.00017895490336435218], [551, 0.00019073049780659929], [558, 0.00021963540522732265], [562, 0.00041254125412541255], [593, 0.000625], [639, 0.0005892751915144372], [679, 0.00048216007714561236], [686, 0.0004897159647404506], [700, 0.0011312217194570137], [706, 0.0001006238679814852], [734, 0.0006035003017501509], [742, 0.00029308323563892143]], "zhong": [[45, 0.0012515644555694619], [54, 0.0009276437847866419], [115, 0.0012224938875305623], [168, 0.0009478672985781991], [258, 0.0010995052226498076], [276, 0.0005070993914807302], [367, 0.0005083884087442806], [397, 0.000855431993156544], [420, 0.0004878048780487805], [470, 0.0005712653527563553], [499, 0.0004985044865403788], [551, 0.00038146099561319857], [676, 0.002932551319648094], [706, 0.0002012477359629704]],